Taxable_Value,GST_Rate,Total,is_round_amount,is_weekend,tax_mismatch,keyword_flag,Is_Fraud
20796.87,12,23292.4944,0,0,0,0,0
219982.4,0,219982.4,0,0,0,0,0
430130.42,12,481746.0704,0,0,0,0,0
103574.39,18,122217.7802,0,0,0,0,0
156592.93,5,164422.57649999997,0,0,0,0,0
453341.72,18,534943.2296,0,0,0,0,0
385948.23,5,405245.6415,0,1,0,0,0
486130.13,18,573633.5534,0,0,0,0,0
191570.19,0,191570.19,0,0,0,0,0
16327.25,18,19266.155,0,0,0,0,0
31146.87,5,32704.2135,0,0,0,0,0
197051.77,28,252226.2656,0,0,0,0,0
10755.24,0,10755.24,0,0,0,0,0
1070.06,0,1070.06,0,0,0,0,0
195583.25,18,230788.235,0,0,0,0,0
209212.49,28,267791.9872,0,1,0,0,0
28786.3,12,32240.656,0,0,0,0,0
228663.83,5,240097.0215,0,0,0,0,0
23183.16,18,27356.1288,0,1,0,0,0
270390.74,28,346100.1472,0,0,0,0,0
282885.65,0,282885.65,0,0,0,0,0
479296.9,18,565570.3420000001,0,1,0,0,0
450294.17,0,450294.17,0,0,0,0,0
304670.11,18,359510.7298,0,1,0,0,0
399278.94,0,399278.94,0,0,0,0,0
330974.96,5,347523.70800000004,0,0,0,0,0
470131.25,5,493637.8125,0,1,0,0,0
49096.83,12,54988.44960000001,0,0,0,0,0
462651.11,28,592193.4208,0,0,0,0,0
416898.61,18,491940.3598,0,1,0,0,0
455399.77,0,455399.77,0,1,0,0,0
362378.24,12,405863.6288,0,0,0,0,0
485573.24,12,543842.0288,0,0,0,0,0
296041.11,5,310843.1655,0,0,0,0,0
483422.97,5,507594.1185,0,0,0,0,0
428478.79,12,479896.2448,0,0,0,0,0
491833.14,5,516424.797,0,1,0,0,0
413989.68,18,488507.8224,0,1,0,0,0
364093.18,12,407784.3616,0,0,0,0,0
496260.72,0,496260.72,0,1,0,0,0
45470.63,5,47744.1615,0,1,0,0,0
337632.97,12,378148.9264,0,0,0,0,0
165249.83,28,211519.7824,0,0,0,0,0
347322.5,18,409840.5500000001,0,0,0,0,0
170948.87,18,201719.6666,0,0,0,0,0
491629.58,5,516211.059,0,0,0,0,0
282154.81,28,361158.15680000006,0,1,0,0,0
57931.45,28,74152.256,0,0,0,0,0
371837.76,5,390429.648,0,1,0,0,0
50000.0,18,59000.0,1,0,0,1,1
33252.19,5,34914.7995,0,0,0,0,0
459794.61,5,482784.34049999993,0,0,0,0,0
271513.97,5,285089.6685,0,0,0,0,0
142409.95,18,168043.741,0,1,0,0,0
442044.07,0,442044.07,0,0,0,0,0
450636.15,12,504712.488,0,1,0,0,0
416708.21,18,491715.6878,0,0,0,0,0
109354.96,12,122477.5552,0,0,0,0,0
344879.83,5,362123.8215,0,0,0,0,0
292753.1,18,345448.658,0,1,0,0,0
481242.52,28,615990.4256,0,1,0,0,0
75296.55,5,79061.37750000002,0,1,0,0,0
450263.43,12,504295.0416,0,0,0,0,0
446967.71,0,446967.71,0,0,0,0,0
245625.81,18,289838.4558,0,0,0,0,0
331399.9,0,331399.9,0,1,0,0,0
281834.6,12,315654.752,0,0,0,0,0
265608.91,0,265608.91,0,0,0,0,0
420891.03,12,471397.9536,0,0,0,0,0
109378.1,0,109378.1,0,0,0,0,0
294913.43,0,294913.43,0,0,0,0,0
400407.85,18,472481.2629999999,0,0,0,1,1
278190.36,28,356083.66079999995,0,0,0,0,0
303134.43,28,388012.0704,0,0,0,0,0
205657.97,0,205657.97,0,0,0,0,0
176171.3,18,207882.134,0,1,0,0,0
253273.93,5,265937.6265,0,0,0,0,0
147321.11,12,164999.6432,0,0,0,0,0
315917.66,12,353827.7792,0,0,0,0,0
50000.0,18,59000.0,1,0,0,1,1
12735.9,5,13372.695,0,0,0,0,0
29502.94,18,34813.4692,0,0,0,0,0
50000.0,18,59000.0,1,1,0,1,1
37728.09,5,39614.49449999999,0,0,0,0,0
227552.1,5,238929.705,0,0,0,0,0
350607.53,5,368137.9065,0,1,0,0,0
486570.93,28,554690.8602,0,0,1,0,1
318379.98,5,334298.979,0,1,0,0,0
491459.2,18,579921.856,0,0,0,0,0
437200.0,12,489664.0,0,0,0,0,0
138274.36,5,145188.07799999998,0,0,0,0,0
111459.23,18,131521.8914,0,0,0,0,0
95431.12,12,106882.8544,0,0,0,0,0
18668.18,0,18668.18,0,0,0,0,0
93172.95,12,104353.70399999998,0,0,0,0,0
220983.66,12,247501.6992,0,0,0,0,0
46553.45,0,46553.45,0,0,0,0,0
205566.21,18,242568.1278,0,0,0,0,0
7821.49,18,9229.3582,0,0,0,1,1
372075.09,12,416724.1008000001,0,0,0,0,0
89266.44,28,114261.0432,0,0,0,0,0
420447.2,5,441469.56,0,0,0,0,0
269748.4,28,345277.95200000005,0,0,0,0,0
413644.91,28,529465.4848,0,0,0,0,0
232517.9,18,274371.122,0,1,0,0,0
114250.74,5,119963.277,0,0,0,0,0
3787.86,5,3977.253,0,1,0,0,0
238381.42,18,281290.0756,0,1,0,0,0
224804.48,18,265269.2864,0,0,0,0,0
372385.4,28,476653.312,0,0,0,0,0
373854.08,5,392546.784,0,0,0,0,0
140469.63,5,147493.1115,0,0,0,0,0
40286.64,28,51566.8992,0,1,0,0,0
56279.24,12,63032.7488,0,1,0,0,0
460106.07,12,515318.7984,0,0,0,0,0
332775.21,5,349413.9705,0,0,0,0,0
294724.11,0,294724.11,0,0,0,0,0
69105.94,5,72561.23700000001,0,0,0,0,0
325520.16,18,384113.7887999999,0,0,0,0,0
177906.51,12,199255.29120000004,0,1,0,0,0
426280.72,5,447594.756,0,0,0,0,0
93809.04,12,105066.1248,0,0,0,0,0
497128.03,18,586611.0754,0,1,0,0,0
473653.59,5,497336.2695,0,1,0,0,0
401860.63,0,401860.63,0,0,0,0,0
316503.69,28,405124.7232,0,1,0,0,0
261243.93,18,308267.8374,0,0,0,0,0
394953.83,18,466045.5194,0,0,0,0,0
115670.96,12,129551.4752,0,1,0,0,0
50000.0,18,59000.0,1,0,0,1,1
95205.91,12,106630.61920000002,0,0,0,0,0
288681.08,0,288681.08,0,0,0,0,0
452730.54,5,475367.067,0,1,0,0,0
423582.6,28,542185.728,0,1,0,0,0
227559.19,18,268519.8442,0,1,0,0,0
183361.3,28,234702.464,0,1,0,0,0
223166.88,0,223166.88,0,0,0,0,0
306648.57,5,321980.9985,0,1,0,0,0
37250.57,0,37250.57,0,0,0,0,0
383446.77,5,402619.1085,0,1,0,0,0
180220.85,5,189231.8925,0,0,0,0,0
417281.03,5,438145.0815000001,0,0,0,0,0
229514.18,12,257055.8816,0,0,0,0,0
278773.39,12,312226.19680000003,0,0,0,0,0
37469.36,12,41965.6832,0,1,0,0,0
143123.15,5,150279.3075,0,0,0,0,0
485546.48,18,572944.8463999999,0,0,0,0,0
431150.53,18,508757.6254,0,1,0,1,1
115884.07,5,121678.2735,0,0,0,0,0
366114.42,5,384420.141,0,1,0,0,0
325285.96,0,325285.96,0,0,0,0,0
205607.67,18,242617.0506,0,1,0,0,0
427565.54,18,504527.3372,0,1,0,0,0
263626.0,12,295261.12,0,0,0,0,0
468873.92,5,492317.616,0,1,0,0,0
479471.8,5,503445.39,0,0,0,0,0
456605.44,28,584454.9632,0,1,0,0,0
321743.77,0,321743.77,0,0,0,0,0
85948.6,28,110014.208,0,0,0,0,0
474648.98,12,531606.8576,0,1,0,0,0
170861.4,28,218702.592,0,1,0,0,0
386595.73,28,494842.5344,0,0,0,0,0
489066.64,0,489066.64,0,0,0,0,0
50000.0,18,59000.0,1,0,0,1,1
207166.06,5,217524.363,0,1,0,0,0
360488.71,28,461425.5488000001,0,1,0,0,0
422721.97,12,473448.60639999993,0,0,0,0,0
355392.91,18,419363.6338,0,1,0,1,1
369460.73,5,387933.7665,0,0,0,0,0
290979.53,0,290979.53,0,0,0,0,0
473493.82,0,473493.82,0,0,0,0,0
319907.81,12,358296.7472,0,0,0,0,0
110845.81,5,116388.1005,0,0,0,0,0
104580.16,12,117129.7792,0,1,0,0,0
184766.8,5,194005.14,0,1,0,0,0
224822.71,28,287773.0688,0,0,0,0,0
313590.67,0,313590.67,0,1,0,0,0
138671.84,5,145605.432,0,0,0,0,0
414854.75,28,531014.0800000001,0,0,0,0,0
317197.46,28,406012.74880000006,0,0,0,0,0
316593.36,0,316593.36,0,0,0,0,0
167653.37,0,167653.37,0,0,0,0,0
274699.14,12,307663.0368,0,0,0,0,0
349675.48,5,367159.254,0,0,0,0,0
250846.15,0,250846.15,0,1,0,0,0
165558.12,18,195358.5816,0,0,0,0,0
434958.24,12,487153.2288,0,0,0,0,0
62693.98,18,73978.8964,0,0,0,0,0
149846.3,12,167827.85599999997,0,0,0,0,0
302887.59,12,339234.1008,0,0,0,0,0
29062.63,0,29062.63,0,1,0,0,0
468293.81,28,599416.0768,0,0,0,0,0
337011.97,0,337011.97,0,0,0,0,0
234795.12,0,234795.12,0,0,0,0,0
409810.61,12,458987.8831999999,0,0,0,0,0
469861.41,12,526244.7792,0,0,0,0,0
423920.77,12,474791.2624,0,1,0,0,0
430925.63,5,441698.77075,0,1,1,0,1
422900.06,28,541312.0768,0,0,0,0,0
379504.19,28,485765.3632,0,0,0,0,0
408455.5,5,428878.275,0,1,0,0,0
74139.39,28,94898.4192,0,0,0,0,0
487989.9,5,512389.395,0,1,0,0,0
18435.23,28,23597.0944,0,0,0,0,0
347753.98,12,389484.4576,0,1,0,0,0
408975.88,0,408975.88,0,0,0,0,0
76163.82,18,89873.3076,0,0,0,0,0
13321.56,12,14920.1472,0,0,0,0,0
268836.49,0,268836.49,0,1,0,0,0
254733.1,28,326058.368,0,0,0,0,0
361629.19,18,394175.8171,0,0,1,0,1
90991.89,5,95541.4845,0,0,0,0,0
47400.1,28,60672.128,0,1,0,0,0
289560.65,18,341681.56700000004,0,0,0,0,0
359516.54,12,402658.5248,0,1,0,0,0
291895.11,12,326922.52319999994,0,1,0,0,0
143323.98,18,169122.29640000002,0,0,0,0,0
202603.15,5,212733.3075,0,1,0,0,0
268805.24,18,317190.1832,0,0,0,0,0
96487.59,28,123504.1152,0,0,0,0,0
255803.46,28,327428.4288,0,1,0,0,0
128603.72,5,135033.906,0,0,0,0,0
221469.33,18,261333.8094,0,1,0,0,0
152327.84,0,152327.84,0,0,0,0,0
225809.17,18,266454.82060000004,0,1,0,1,1
259667.82,28,332374.8096,0,0,0,0,0
384477.99,12,407546.6694,0,0,1,0,1
50000.0,18,59000.0,1,0,0,1,1
150173.39,18,177204.60020000002,0,0,0,0,0
469904.77,0,469904.77,0,1,0,0,0
186646.87,28,238907.9936,0,0,0,0,0
319429.59,5,335401.06950000004,0,0,0,0,0
13945.97,12,15619.4864,0,0,0,0,0
449992.01,12,503991.0512,0,0,0,0,0
96046.27,0,96046.27,0,0,0,0,0
50000.0,18,59000.0,1,0,0,1,1
447991.33,18,528629.7694,0,0,0,0,0
87183.84,0,87183.84,0,0,0,0,0
329436.53,18,388735.1054,0,0,0,0,0
482829.94,5,506971.437,0,0,0,0,0
499421.87,28,639259.9936,0,1,0,0,0
274691.62,5,288426.201,0,0,0,0,0
461549.16,18,544628.0088,0,1,0,0,0
240836.96,0,240836.96,0,1,0,0,0
486839.94,5,511181.937,0,1,0,0,0
143416.3,18,169231.234,0,1,0,0,0
190444.57,5,199966.7985,0,0,0,0,0
149640.07,0,149640.07,0,0,0,0,0
62393.0,12,69880.16,0,1,0,0,0
284356.96,5,298574.808,0,1,0,0,0
300469.57,28,384601.0496,0,0,0,0,0
403462.91,28,516432.5248,0,0,0,0,0
38210.42,28,48909.3376,0,0,0,0,0
487809.06,5,512199.513,0,0,0,0,0
260227.32,12,291454.5984,0,1,0,0,0
378155.52,12,400844.8512,0,1,1,0,1
87887.05,18,103706.719,0,0,0,0,0
322462.47,18,380505.7146,0,0,0,0,0
246432.27,5,258753.8835,0,0,0,0,0
231692.57,12,259495.67840000003,0,1,0,0,0
423276.23,0,423276.23,0,0,0,0,0
459970.91,18,542765.6738,0,1,0,0,0
278126.1,28,356001.40799999994,0,0,0,0,0
79748.77,18,94103.5486,0,1,0,0,0
65937.79,28,84400.3712,0,0,0,0,0
233051.93,5,244704.5265,0,0,0,0,0
450671.62,0,450671.62,0,1,0,0,0
475767.24,0,475767.24,0,0,0,0,0
326517.99,12,365700.1488,0,1,0,0,0
449399.04,18,530290.8672,0,0,0,0,0
434005.74,18,512126.7732,0,1,0,0,0
374839.06,18,442310.0908,0,0,0,0,0
8764.24,5,9202.452,0,0,0,0,0
17142.53,12,19199.6336,0,0,0,0,0
402329.31,18,474748.5858,0,0,0,0,0
84139.19,12,89187.5414,0,0,1,0,1
228318.41,18,269415.7238,0,0,0,0,0
290607.95,5,305138.34750000003,0,0,0,0,0
334533.84,0,334533.84,0,0,0,0,0
43213.43,5,45374.1015,0,0,0,0,0
327277.83,12,366551.1696,0,0,0,0,0
390747.82,18,461082.4276,0,1,0,0,0
22041.65,18,26009.147000000004,0,0,0,1,1
462526.16,12,518029.2992,0,1,0,0,0
419576.65,5,440555.4825,0,1,0,0,0
118474.19,18,139799.5442,0,0,0,0,0
396492.55,0,396492.55,0,1,0,0,0
13686.41,12,15328.7792,0,0,0,0,0
50000.0,18,59000.0,1,0,0,1,1
298766.55,12,334618.536,0,0,0,0,0
461862.69,5,484955.8245000001,0,0,0,0,0
24158.62,0,24158.62,0,0,0,0,0
324833.31,0,324833.31,0,0,0,0,0
324196.52,18,382551.8936,0,0,0,0,0
440813.23,0,440813.23,0,0,0,0,0
199965.9,28,255956.352,0,0,0,0,0
197597.81,5,202537.75525,0,0,1,0,1
474863.93,18,560339.4373999999,0,1,0,0,0
200244.27,28,256312.6656,0,0,0,0,0
377531.9,28,483240.83200000005,0,0,0,0,0
397933.37,5,407881.70425,0,0,1,0,1
378102.51,28,483971.2128,0,0,0,0,0
32200.01,12,36064.0112,0,0,0,0,0
251395.02,28,321785.6256,0,0,0,0,0
484651.66,12,542809.8592,0,1,0,0,0
281926.0,18,332672.68000000005,0,1,0,0,0
394288.31,28,504689.0368,0,0,0,0,0
379844.99,28,486201.5872,0,0,0,0,0
108358.75,12,121361.8,0,1,0,0,0
90545.0,18,106843.1,0,0,0,0,0
345579.8,12,387049.376,0,0,0,0,0
339218.64,28,434199.8592,0,1,0,0,0
498300.54,12,558096.6048,0,0,0,0,0
37158.31,12,41617.3072,0,1,0,0,0
432363.35,0,432363.35,0,0,0,0,0
94953.1,12,106347.472,0,0,0,0,0
284913.4,12,319103.00800000003,0,0,0,0,0
353215.45,12,395601.304,0,0,0,0,0
240930.49,5,252977.0145,0,1,0,0,0
488322.91,28,625053.3248,0,1,0,0,0
61079.76,18,72074.1168,0,0,0,0,0
305214.05,28,390673.984,0,1,0,0,0
417793.12,12,467928.2944,0,0,0,0,0
173978.76,12,194856.2112,0,0,0,0,0
390243.03,18,460486.7754,0,0,0,0,0
11571.96,0,11571.96,0,0,0,0,0
11288.47,28,14449.2416,0,1,0,0,0
314443.1,5,330165.255,0,0,0,0,0
102495.37,12,114794.8144,0,0,0,0,0
430237.45,5,451749.3225,0,1,0,0,0
82838.23,5,86980.14149999998,0,1,0,0,0
342476.99,5,359600.8395,0,0,0,0,0
39667.94,12,44428.0928,0,1,0,0,0
232129.05,18,273912.279,0,1,0,0,0
1781.81,12,1995.6272,0,0,0,0,0
179074.97,18,211308.4646,0,0,0,0,0
221092.0,0,221092.0,0,1,0,0,0
308132.63,5,323539.2615,0,0,0,0,0
3012.32,18,3554.5376,0,1,0,0,0
408354.52,28,522693.78560000006,0,0,0,0,0
309100.07,18,364738.0826,0,0,0,0,0
92178.92,12,103240.3904,0,1,0,0,0
471377.51,0,471377.51,0,1,0,0,0
385662.97,5,404946.1185,0,1,0,0,0
116600.3,12,130592.336,0,0,0,0,0
211934.7,0,211934.7,0,1,0,0,0
492145.08,5,516752.334,0,0,0,0,0
310978.49,0,310978.49,0,0,0,0,0
69142.76,5,72599.898,0,0,0,0,0
133353.03,28,170691.87840000002,0,1,0,0,0
292444.83,5,307067.0715,0,0,0,0,0
217712.89,5,228598.5345,0,0,0,0,0
112287.92,12,125762.4704,0,0,0,0,0
287276.77,18,338986.5886,0,0,0,0,0
407266.18,12,456138.1216,0,0,0,0,0
233036.5,0,233036.5,0,0,0,0,0
219534.48,0,219534.48,0,0,0,0,0
466832.36,18,550862.1847999999,0,0,0,0,0
431297.66,28,552061.0048,0,0,0,0,0
412403.81,28,527876.8768,0,0,0,0,0
7231.64,5,7593.222000000001,0,1,0,0,0
104141.23,0,104141.23,0,0,0,0,0
479098.12,0,479098.12,0,0,0,0,0
362060.82,12,405508.1184,0,0,0,0,0
414973.47,18,489668.69459999993,0,0,0,0,0
290153.91,0,290153.91,0,1,0,0,0
182586.62,12,204497.0144,0,0,0,0,0
27144.78,5,28502.019,0,1,0,0,0
76626.82,12,85822.03840000002,0,1,0,0,0
360719.07,0,360719.07,0,0,0,0,0
431194.87,5,452754.6135,0,1,0,0,0
338459.02,18,399381.6436,0,0,0,0,0
495583.62,5,520362.801,0,1,0,0,0
76829.89,12,86049.47679999999,0,0,0,0,0
142205.02,0,142205.02,0,1,0,0,0
370244.45,0,370244.45,0,0,0,0,0
379187.6,28,485360.128,0,0,0,0,0
62989.2,18,74327.256,0,0,0,0,0
448989.0,18,529807.02,0,0,0,0,0
485060.34,18,572371.2012,0,0,0,0,0
75655.03,5,79437.7815,0,0,0,0,0
330035.52,5,346537.296,0,0,0,0,0
278038.22,28,355888.9216,0,0,0,0,0
221509.6,12,248090.752,0,0,0,0,0
413456.83,12,463071.64960000006,0,0,0,0,0
123840.75,28,158516.16000000003,0,0,0,0,0
65529.95,18,77325.341,0,1,0,0,0
35539.63,0,35539.63,0,1,0,0,0
394525.91,18,465540.5738,0,0,0,0,0
114146.69,5,119854.0245,0,0,0,0,0
153209.31,12,162401.8686,0,0,1,0,1
433663.0,12,485702.56,0,0,0,0,0
444454.41,28,568901.6448,0,0,0,0,0
255205.85,28,326663.488,0,1,0,0,0
154354.92,12,172877.5104,0,0,0,0,0
204407.83,12,228936.7696,0,1,0,0,0
454468.18,18,536272.4524,0,1,0,0,0
141332.86,12,158292.80319999997,0,0,0,0,0
106724.9,0,106724.9,0,0,0,0,0
86078.3,28,110180.224,0,0,0,0,0
333188.09,18,393161.9462,0,0,0,0,0
419097.62,18,494535.1916,0,0,0,0,0
400488.49,12,448547.1088,0,0,0,0,0
126867.63,12,142091.74560000002,0,1,0,0,0
215021.92,12,240824.5504,0,0,0,0,0
50000.0,18,59000.0,1,0,0,1,1
40256.43,12,45087.2016,0,1,0,0,0
206295.56,28,264058.31680000003,0,0,0,0,0
439569.99,5,461548.4895,0,0,0,0,0
256851.39,12,287673.5568,0,0,0,0,0
246975.58,28,316128.7424,0,0,0,0,0
90842.51,18,107194.1618,0,0,0,0,0
10918.8,0,10918.8,0,0,0,0,1
38792.81,18,45775.5158,0,0,0,0,0
332587.39,0,332587.39,0,1,0,0,0
293946.04,18,346856.3272,0,0,0,0,0
357461.58,18,421804.6644,0,1,0,0,0
243996.19,0,243996.19,0,0,0,0,0
301201.57,0,301201.57,0,0,0,0,0
37400.34,0,37400.34,0,0,0,0,0
480914.23,12,538623.9376,0,1,0,0,0
93578.1,0,93578.1,0,0,0,0,0
409151.93,28,523714.4704000001,0,0,0,0,0
312053.56,28,399428.5568,0,0,0,0,0
225028.12,12,252031.4944,0,0,0,0,0
273952.46,28,350659.1488,0,1,0,0,0
438170.6,0,438170.6,0,0,0,0,1
351458.54,5,369031.467,0,0,0,0,0
369746.36,0,369746.36,0,0,0,0,0
375040.53,28,480051.8784000001,0,0,0,0,0
177418.82,28,227096.0896,0,0,0,0,0
246189.75,18,290503.905,0,0,0,0,0
257874.29,28,330079.0912,0,0,0,0,0
47319.58,0,47319.58,0,1,0,0,0
385760.15,0,385760.15,0,0,0,0,0
369632.0,0,369632.0,0,1,0,0,0
58864.2,5,61807.41,0,1,0,0,0
335850.76,18,366077.3284,0,0,1,0,1
6401.94,0,6401.94,0,0,0,0,0
302270.62,18,356679.3316,0,0,0,0,0
215855.42,12,241758.07040000003,0,0,0,0,0
478536.43,18,564672.9874,0,1,0,0,0
186238.6,28,238385.408,0,1,0,0,0
65175.01,18,76906.51180000001,0,0,0,0,0
429844.6,0,429844.6,0,0,0,0,0
352549.43,5,370176.9015,0,1,0,0,0
265103.71,0,265103.71,0,0,0,0,0
153654.07,28,196677.2096,0,0,0,0,0
481907.71,0,481907.71,0,0,0,0,0
382374.33,5,401493.0465,0,0,0,0,0
331765.48,18,391483.2664,0,0,0,0,0
247645.64,0,247645.64,0,0,0,0,0
43778.64,28,56036.6592,0,1,0,0,0
268990.36,28,344307.66079999995,0,0,0,0,0
69694.95,12,78058.344,0,0,0,0,0
223076.92,0,223076.92,0,0,0,0,0
429086.05,0,429086.05,0,0,0,0,0
271998.43,5,285598.3515,0,0,0,0,0
427955.63,0,427955.63,0,0,0,0,0
44748.06,12,50117.8272,0,1,0,0,0
422897.75,5,444042.6375,0,1,0,0,0
384286.76,12,430401.1712,0,0,0,0,0
97835.33,28,125229.2224,0,0,0,0,0
16991.62,28,21749.2736,0,0,0,0,0
478342.92,0,478342.92,0,1,0,0,0
61707.25,5,64792.6125,0,0,0,0,0
111073.18,12,124401.96159999998,0,0,0,0,0
363049.45,5,381201.9225,0,0,0,0,0
128662.69,12,144102.2128,0,0,0,0,0
240487.98,18,283775.8164,0,0,0,1,1
489962.45,28,627151.936,0,0,0,0,0
432954.54,5,454602.26699999993,0,0,0,0,0
414441.77,28,530485.4656,0,0,0,0,0
457015.22,18,539277.9596,0,0,0,0,0
166371.3,0,166371.3,0,0,0,0,0
226753.89,28,290244.9792,0,0,0,0,0
401947.6,28,514492.928,0,0,0,0,0
307698.88,0,307698.88,0,1,0,0,0
405126.76,18,478049.5768,0,1,0,0,0
407114.72,28,521106.8415999999,0,1,0,0,0
375236.38,12,420264.7456,0,0,0,0,0
158939.34,5,166886.307,0,1,0,0,0
376263.28,0,376263.28,0,0,0,0,0
169588.01,5,178067.4105,0,1,0,0,0
116000.55,28,148480.704,0,0,0,0,0
330988.51,0,330988.51,0,1,0,0,0
422568.12,28,540887.1936,0,1,0,0,0
50014.4,18,59016.992000000006,0,0,0,1,1
116681.57,0,116681.57,0,1,0,0,0
240700.19,0,240700.19,0,1,0,0,0
241080.25,12,270009.88,0,1,0,0,0
418732.01,18,494103.7718,0,1,0,0,0
189716.49,0,189716.49,0,1,0,0,0
374644.75,12,419602.12,0,0,0,0,0
479215.51,28,613395.8528,0,0,0,0,0
277421.87,12,310712.4944,0,1,0,0,0
154437.19,18,182235.8842,0,0,0,0,0
236766.73,18,279384.7414,0,1,0,0,0
413778.18,18,488258.2524,0,0,0,0,0
93476.2,18,110301.916,0,1,0,0,0
323378.68,5,339547.614,0,0,0,0,0
50000.0,18,59000.0,1,1,0,1,1
154523.53,12,173066.3536,0,1,0,0,0
92642.64,18,109318.3152,0,0,0,0,0
409643.9,0,409643.9,0,1,0,0,0
375168.41,0,375168.41,0,0,0,0,0
200205.22,28,228233.9508,0,1,1,0,1
468662.01,0,468662.01,0,0,0,0,0
37952.96,12,42507.315200000005,0,1,0,0,0
143757.24,28,184009.2672,0,0,0,0,0
411442.54,0,411442.54,0,0,0,0,0
390144.27,12,436961.5824000001,0,0,0,0,0
135962.44,5,142760.562,0,0,0,0,0
477440.78,5,501312.819,0,0,0,0,0
492210.62,12,551275.8944,0,0,0,0,0
50673.91,18,59795.213800000005,0,0,0,0,0
72395.71,5,76015.4955,0,0,0,0,0
49349.54,5,51817.017,0,0,0,0,0
375766.95,18,443405.001,0,0,0,0,0
23054.89,0,23054.89,0,0,0,0,0
194141.76,28,248501.45280000003,0,0,0,0,0
419984.2,18,495581.356,0,0,0,0,0
237053.1,18,279722.658,0,1,0,0,0
137899.5,28,176511.36,0,0,0,0,0
325098.92,28,416126.6176,0,0,0,0,0
239585.0,0,239585.0,0,0,0,0,0
320086.61,12,358497.00320000004,0,0,0,0,0
272143.84,18,321129.73120000004,0,1,0,0,0
429538.12,12,481082.6944,0,0,0,0,0
152691.33,0,152691.33,0,1,0,0,0
444527.43,0,444527.43,0,0,0,0,0
60795.69,5,63835.4745,0,0,0,0,0
304328.2,28,389540.096,0,0,0,0,0
439593.3,28,562679.424,0,0,0,0,0
51992.84,18,56672.19559999999,0,0,1,0,1
234837.29,5,240708.22225,0,0,1,0,1
412146.92,12,461604.5504,0,0,0,0,0
186535.13,18,220111.4534,0,0,0,0,0
180537.09,12,202201.5408,0,0,0,0,0
50000.0,18,59000.0,1,0,0,1,1
458733.15,18,541305.117,0,0,0,0,0
172630.83,18,203704.3794,0,0,0,0,0
176092.76,18,207789.4568,0,1,0,0,0
126603.26,12,141795.6512,0,1,0,0,0
395604.27,28,506373.46560000005,0,0,0,0,0
28422.02,5,29843.121,0,0,0,0,0
97485.91,5,102360.2055,0,0,0,0,0
247224.88,18,291725.3584,0,1,0,0,0
428645.85,0,428645.85,0,0,0,0,0
106418.02,28,136215.0656,0,1,0,0,0
347522.57,0,347522.57,0,1,0,0,0
282668.13,5,296801.53650000005,0,0,0,0,0
452672.2,18,534153.196,0,0,0,0,0
5406.24,0,5406.24,0,0,0,0,0
70145.54,28,89786.29119999999,0,0,0,0,0
284915.13,12,319104.9456,0,0,0,0,0
440197.95,28,563453.376,0,0,0,0,0
59848.32,12,67030.1184,0,0,0,0,0
401601.75,5,421681.8375,0,1,0,0,0
378166.91,5,397075.2555,0,0,0,0,0
383563.3,18,452604.694,0,1,0,1,1
320632.58,18,378346.4444,0,0,0,1,1
107041.14,28,137012.6592,0,1,0,0,0
241306.29,0,241306.29,0,0,0,0,0
223742.42,5,234929.54100000003,0,1,0,0,0
133491.17,18,157519.58060000002,0,0,0,0,0
338911.43,0,338911.43,0,0,0,0,0
288877.35,0,288877.35,0,0,0,0,0
70215.95,0,70215.95,0,0,0,0,0
158305.48,5,166220.75400000002,0,0,0,0,0
376626.64,28,482082.09920000006,0,0,0,0,0
11348.03,28,14525.478400000002,0,0,0,0,0
106820.19,5,112161.1995,0,0,0,0,0
307377.01,0,307377.01,0,0,0,0,0
187829.76,12,210369.3312,0,0,0,0,0
123688.77,0,123688.77,0,0,0,0,0
436228.2,5,458039.61,0,0,0,0,0
337758.92,28,432331.4176,0,0,0,0,0
282177.06,28,361186.6368,0,0,0,0,0
131148.78,28,167870.43839999998,0,0,0,0,0
178039.66,5,186941.643,0,1,0,0,0
361479.88,12,404857.4656,0,1,0,0,0
81805.64,18,96530.6552,0,0,0,0,0
300154.8,28,384198.144,0,0,0,0,0
190703.52,12,213587.9424,0,0,0,0,0
446776.73,28,571874.2143999999,0,0,0,0,0
160832.5,12,180132.4,0,1,0,0,0
402621.47,5,422752.5435,0,0,0,0,0
436583.48,12,488973.4976,0,0,0,0,0
5377.78,18,6345.7804,0,0,0,0,0
263281.33,12,294875.0896,0,1,0,0,0
116183.94,28,148715.44319999998,0,0,0,0,0
348179.69,5,365588.6745,0,1,0,0,0
153840.53,12,172301.39359999998,0,0,0,0,0
386668.62,18,456268.9716,0,0,0,0,0
405830.83,18,478880.3794,0,0,0,0,0
65098.1,12,72909.872,0,0,0,0,0
156142.41,18,184248.0438,0,1,0,0,0
159755.93,12,178926.6416,0,0,0,0,0
61335.11,5,64401.8655,0,1,0,0,0
11401.56,28,14593.9968,0,0,0,0,0
336422.67,12,376793.3904,0,0,0,0,0
489059.38,28,625996.0064000001,0,0,0,0,0
385926.63,18,455393.4234,0,0,0,0,0
413639.64,0,413639.64,0,1,0,0,0
66116.87,12,74050.89439999999,0,1,0,0,0
306075.35,5,321379.11749999993,0,0,0,0,0
110606.15,28,141575.872,0,0,0,0,0
283649.78,18,334706.7404,0,0,0,0,0
4190.33,18,4944.5894,0,0,0,0,0
104224.21,5,109435.4205,0,0,0,0,0
205523.73,18,242518.0014,0,0,0,0,0
348720.11,5,366156.1155,0,0,0,0,0
480185.58,5,504194.859,0,0,0,0,0
254218.34,5,266929.257,0,0,0,0,0
494251.61,0,494251.61,0,0,0,0,0
262087.54,0,262087.54,0,0,0,0,0
109156.44,5,114614.262,0,0,0,0,0
424725.48,5,445961.754,0,0,0,0,0
150579.04,18,177683.2672,0,0,0,0,0
410275.44,12,459508.4928,0,1,0,0,0
223932.0,12,250803.84000000003,0,0,0,0,0
321110.05,28,411020.864,0,0,0,0,0
156038.31,5,163840.2255,0,1,0,0,0
417928.89,5,438825.3345,0,0,0,0,0
228685.62,18,269849.0316,0,0,0,0,0
464212.18,18,547770.3724,0,0,0,0,0
306342.84,18,361484.5512000001,0,0,0,0,0
474583.77,5,498312.9585,0,0,0,0,0
244695.56,12,274059.0272,0,1,0,0,0
424069.37,28,542808.7936,0,0,0,0,0
97020.4,5,101871.42,0,1,0,0,0
495393.11,5,520162.7655,0,0,0,0,0
330873.25,0,330873.25,0,1,0,0,0
233339.01,12,261339.6912,0,0,0,0,0
422865.13,12,473608.9456,0,0,0,0,0
335636.55,28,429614.784,0,0,0,0,0
286448.67,12,320822.5104,0,1,0,0,0
396882.18,18,468320.9724,0,0,0,0,0
354848.0,28,454205.44,0,0,0,0,0
251984.68,5,264583.914,0,1,0,0,0
297086.82,18,350562.4476,0,1,0,0,0
138135.5,18,162999.89,0,0,0,0,0
136400.93,5,143220.9765,0,1,0,0,0
387121.28,5,406477.344,0,0,0,0,0
204192.91,12,228696.0592,0,0,0,0,0
437845.7,0,437845.7,0,0,0,0,1
213339.4,28,273074.43200000003,0,1,0,0,0
74102.54,0,74102.54,0,0,0,0,0
356341.37,28,456116.9536,0,0,0,0,0
38903.19,18,45905.764200000005,0,0,0,0,0
159825.9,12,179005.008,0,1,0,0,0
168361.45,5,176779.52250000002,0,0,0,0,0
426769.64,28,546265.1392000001,0,0,0,0,0
295415.1,0,295415.1,0,0,0,0,0
77884.38,0,77884.38,0,0,0,0,0
160060.35,18,188871.213,0,0,0,0,0
494209.43,18,583167.1274,0,0,0,0,0
250575.75,12,280644.84,0,0,0,0,0
72430.04,28,92710.4512,0,0,0,0,0
187429.12,18,221166.3616,0,0,0,0,0
342648.64,0,342648.64,0,1,0,0,0
57118.15,0,57118.15,0,0,0,0,0
167234.35,5,175596.06750000003,0,1,0,0,0
216063.1,28,276560.76800000004,0,0,0,0,0
459105.5,28,587655.04,0,0,0,0,0
105700.44,5,110985.462,0,0,0,0,0
211177.32,18,249189.2376,0,0,0,0,0
299788.0,28,383728.64,0,0,0,0,0
4815.69,0,4815.69,0,0,0,0,0
296502.95,18,349873.481,0,0,0,0,0
413608.01,28,529418.2528,0,0,0,0,0
28358.32,28,36298.6496,0,1,0,0,0
471541.56,12,528126.5472,0,0,0,0,0
384274.18,5,403487.889,0,0,0,0,0
97025.4,5,101876.66999999998,0,1,0,0,0
95635.3,12,107111.536,0,0,0,0,0
41910.77,12,46940.0624,0,0,0,0,0
383550.56,28,490944.7168,0,0,0,0,0
450580.7,0,450580.7,0,0,0,0,0
346217.52,28,443158.4256,0,1,0,0,0
234186.6,18,255263.394,0,1,1,0,1
424068.26,0,424068.26,0,0,0,0,0
194880.02,28,249446.4256,0,1,0,0,0
50000.0,18,59000.0,1,0,0,1,1
288221.28,5,302632.34400000004,0,0,0,0,0
74361.25,0,74361.25,0,0,0,0,0
226430.51,18,267188.0018,0,0,0,0,0
260651.86,12,291930.0832,0,1,0,0,0
436956.45,18,515608.611,0,1,0,0,0
489289.26,5,513753.723,0,1,0,0,0
238625.2,5,250556.46,0,0,0,0,0
259864.06,5,272857.263,0,0,0,0,0
365547.02,0,365547.02,0,0,0,0,0
66157.16,28,84681.1648,0,0,0,0,0
19161.34,0,19161.34,0,1,0,0,0
155917.3,12,174627.376,0,0,0,0,0
204581.21,12,229130.9552,0,0,0,0,0
256315.98,5,269131.77900000004,0,0,0,0,0
96843.99,12,108465.2688,0,0,0,0,0
299268.94,28,383064.2432,0,0,0,0,0
243054.87,12,272221.4544,0,0,0,0,0
421781.74,18,497702.4532,0,0,0,0,0
407244.57,5,427606.7985,0,0,0,0,0
278307.98,5,292223.379,0,1,0,0,0
193409.84,18,228223.6112,0,1,0,0,0
315432.02,18,372209.7836,0,0,0,0,0
245257.28,0,245257.28,0,0,0,0,0
4876.77,12,5461.982400000001,0,1,0,0,0
493867.95,5,518561.3475,0,1,0,0,0
233812.24,5,245502.852,0,0,0,0,0
60375.09,0,60375.09,0,1,0,0,0
364329.83,0,364329.83,0,1,0,0,0
90262.27,18,106509.47860000002,0,0,0,0,0
304211.47,18,358969.5346,0,1,0,0,0
344820.35,18,406888.013,0,0,0,0,0
499092.44,12,558983.5328,0,0,0,0,0
147803.73,28,189188.7744,0,0,0,0,0
224961.94,12,251957.3728,0,0,0,0,0
275261.43,12,308292.80159999995,0,0,0,0,0
361500.31,5,379575.3255,0,1,0,0,0
8778.76,12,9832.2112,0,0,0,0,0
17244.47,12,19313.8064,0,1,0,0,0
310849.49,18,366802.3982,0,0,0,0,0
482881.78,12,540827.5936,0,1,0,0,0
365766.06,28,468180.5568,0,0,0,0,0
432427.34,18,510264.2612,0,0,0,0,0
403457.97,28,516426.2016,0,1,0,0,0
50000.0,18,59000.0,1,1,0,1,1
82974.81,12,92931.7872,0,0,0,0,0
275483.85,5,289258.0425,0,1,0,0,0
343514.07,28,439698.0096,0,1,0,0,0
409391.66,18,483082.1587999999,0,1,0,0,0
361965.4,12,405401.248,0,1,0,0,0
134004.91,12,150085.4992,0,1,0,0,0
297623.11,0,297623.11,0,0,0,0,0
211829.96,28,271142.3488,0,1,0,0,0
328125.95,5,344532.2475,0,0,0,0,0
440266.62,5,462279.951,0,0,0,0,0
281745.68,0,281745.68,0,0,0,0,0
484652.17,0,484652.17,0,0,0,0,0
191516.96,5,201092.808,0,1,0,0,0
231936.46,18,273685.0228,0,0,0,0,0
340405.39,28,435718.8992,0,0,0,0,0
92931.63,28,118952.4864,0,0,0,0,0
51596.19,5,54175.999500000005,0,0,0,0,0
64279.47,12,71993.0064,0,0,0,0,0
210420.71,0,210420.71,0,0,0,0,0
298538.46,0,298538.46,0,1,0,0,0
61330.06,5,64396.563,0,0,0,0,0
318714.31,12,356960.02719999995,0,0,0,0,0
378897.98,12,424365.7376,0,1,0,0,0
10569.52,28,13528.9856,0,0,0,0,0
498760.75,28,638413.76,0,0,0,0,0
404832.39,28,461508.9246,0,0,1,0,1
177430.41,0,177430.41,0,0,0,0,0
296871.69,0,296871.69,0,0,0,0,0
112110.27,5,117715.7835,0,1,0,0,0
232218.2,28,297239.29600000003,0,0,0,0,0
333558.37,12,373585.3744,0,0,0,0,0
30593.96,0,30593.96,0,0,0,0,0
336147.73,18,396654.3214,0,0,0,0,0
349829.35,28,447781.568,0,0,0,0,0
276482.69,5,290306.82450000005,0,0,0,0,0
459021.56,12,514104.1472,0,0,0,0,0
47026.42,28,60193.8176,0,0,0,0,0
11316.33,5,11882.1465,0,1,0,0,0
55171.34,5,57929.907,0,0,0,0,0
21403.6,28,27396.608,0,0,0,0,0
340660.59,18,401979.49620000005,0,0,0,0,0
155199.62,0,155199.62,0,0,0,0,0
99876.36,18,117854.1048,0,0,0,0,0
465062.42,5,488315.541,0,1,0,0,0
454132.55,28,581289.664,0,1,0,0,0
30534.2,12,34198.304000000004,0,1,0,0,0
294276.86,18,347246.6948,0,1,0,1,1
114036.43,0,114036.43,0,0,0,0,0
453553.59,28,580548.5952000001,0,0,0,0,0
152760.06,12,171091.2672,0,0,0,0,0
191330.94,28,244903.6032,0,0,0,0,0
379317.56,5,388800.499,0,0,1,0,1
51483.77,18,60750.8486,0,0,0,0,0
209186.78,0,209186.78,0,1,0,0,0
473825.74,28,606496.9472,0,0,0,0,0
303614.33,28,388626.3424,0,0,0,0,0
302398.28,28,387069.7984,0,0,0,0,0
370674.49,12,415155.4288,0,0,0,0,0
449466.28,18,530370.2104,0,0,0,0,0
35201.99,0,35201.99,0,0,0,0,0
457723.22,18,540113.3996,0,0,0,0,0
241144.23,18,262847.2107,0,0,1,0,1
467613.37,0,467613.37,0,0,0,0,0
206279.2,5,216593.16000000003,0,1,0,0,0
185304.75,18,218659.605,0,0,0,0,0
340441.11,5,357463.1655,0,1,0,0,0
407333.71,28,521387.1488,0,0,0,0,0
196494.41,18,231863.4038,0,0,0,0,0
164558.31,0,164558.31,0,0,0,0,0
164578.4,5,172807.32,0,0,0,0,0
487347.41,12,545829.0991999999,0,0,0,0,0
137220.13,0,137220.13,0,0,0,0,0
277335.87,18,327256.32660000003,0,0,0,0,0
276268.57,12,309420.7984,0,0,0,0,0
373840.17,28,478515.4176,0,1,0,0,0
28009.97,12,31371.1664,0,0,0,0,0
494171.59,18,583122.4762,0,0,0,0,0
477666.07,18,563645.9626,0,1,0,0,0
427490.17,28,547187.4176,0,0,0,0,0
292952.05,12,328106.29600000003,0,0,0,0,0
411229.85,28,526374.208,0,0,0,0,0
246772.28,28,315868.5184,0,0,0,0,0
470590.76,5,494120.298,0,0,0,0,0
407130.75,5,427487.2875,0,0,0,0,0
249704.33,0,249704.33,0,0,0,0,0
68504.25,5,71929.4625,0,0,0,0,0
38463.91,18,45387.41380000001,0,1,0,1,1
401107.13,12,449239.9856,0,0,0,0,0
366206.25,0,366206.25,0,1,0,0,0
134628.54,18,158861.6772,0,0,0,0,0
33754.16,12,37804.6592,0,0,0,0,0
133414.24,12,149423.9488,0,1,0,0,0
198459.16,12,222274.2592,0,0,0,0,0
220265.72,28,281940.1216,0,0,0,0,0
235209.79,0,235209.79,0,0,0,0,0
14818.16,18,17485.4288,0,0,0,0,0
63973.79,12,71650.6448,0,0,0,0,0
192195.8,28,246010.624,0,0,0,0,0
285102.13,18,336420.51340000005,0,1,0,1,1
333601.44,0,333601.44,0,0,0,0,0
413256.14,5,433918.947,0,0,0,0,0
387824.4,12,434363.328,0,0,0,0,0
55426.49,28,70945.9072,0,0,0,0,0
299512.47,18,353424.71459999995,0,0,0,0,0
64815.36,12,72593.2032,0,0,0,0,0
154969.59,0,154969.59,0,0,0,0,0
34917.2,12,39107.264,0,1,0,0,0
293688.54,12,328931.1648,0,0,0,0,0
318577.86,18,375921.8748,0,0,0,0,0
36629.15,28,46885.312,0,1,0,0,0
127789.9,28,163571.072,0,0,0,0,0
366933.23,28,469674.5344,0,0,0,0,0
392766.92,18,463464.9656,0,0,0,0,0
299011.63,12,334893.0256,0,0,0,0,0
19342.62,18,22824.2916,0,0,0,0,0
113377.43,12,126982.7216,0,1,0,0,0
489004.57,12,547685.1184,0,0,0,0,0
74049.93,28,94783.9104,0,0,0,0,0
251997.7,12,282237.424,0,0,0,0,0
326873.95,18,385711.261,0,0,0,0,0
74662.32,28,95567.7696,0,1,0,0,0
22342.53,28,28598.4384,0,0,0,0,0
21781.78,12,24395.5936,0,1,0,0,0
243935.65,12,273207.928,0,0,0,0,0
352747.95,18,416242.58100000006,0,1,0,1,1
13232.92,12,14820.8704,0,1,0,0,0
169866.66,12,190250.6592,0,1,0,0,0
374310.93,5,393026.4765,0,0,0,0,0
371789.86,5,390379.353,0,1,0,0,0
397272.32,5,417135.936,0,0,0,0,0
346470.25,5,363793.7625,0,0,0,0,0
495680.53,12,555162.1936000001,0,0,0,0,0
77939.74,5,81836.727,0,1,0,0,0
202699.41,5,212834.3805,0,0,0,0,0
392251.8,0,392251.8,0,0,0,0,0
34294.95,18,40468.041,0,0,0,0,0
333277.88,12,373271.2256,0,1,0,0,0
319139.68,18,376584.8224,0,0,0,0,0
462234.56,18,545436.7808,0,1,0,0,0
247190.09,0,247190.09,0,1,0,0,0
385080.79,0,385080.79,0,0,0,0,0
482573.55,5,506702.2275,0,0,0,0,0
327039.41,18,385906.5038,0,0,0,0,0
132998.94,0,132998.94,0,0,0,0,0
144120.42,28,184474.13760000005,0,0,0,0,0
225906.41,18,246237.9869,0,0,1,0,1
79918.37,18,94303.6766,0,1,0,0,0
190860.99,28,244302.0672,0,0,0,0,0
72677.65,18,85759.62700000001,0,1,0,0,0
39937.22,28,51119.6416,0,1,0,0,0
71025.91,5,74577.20550000001,0,0,0,0,0
181083.35,12,202813.352,0,1,0,0,0
204817.8,12,229395.936,0,1,0,0,0
462172.32,0,462172.32,0,0,0,0,0
219490.57,5,230465.0985,0,0,0,0,0
41998.56,0,41998.56,0,1,0,0,0
250962.55,5,263510.6775,0,1,0,0,0
128785.5,18,151966.89,0,0,0,0,0
163610.3,18,193060.154,0,1,0,0,0
475260.78,5,499023.819,0,0,0,0,0
330354.1,0,330354.1,0,0,0,0,1
457097.21,5,479952.0705,0,0,0,0,0
273163.86,0,273163.86,0,0,0,0,0
467226.94,5,490588.287,0,0,0,0,0
223651.14,5,234833.697,0,0,0,0,0
113161.61,18,133530.6998,0,0,0,0,0
54402.18,12,60930.4416,0,0,0,0,0
284870.43,0,284870.43,0,0,0,0,0
16388.47,12,18355.0864,0,1,0,0,0
227507.73,18,268459.1214,0,0,0,0,0
15146.13,12,16963.6656,0,0,0,0,0
91447.92,0,91447.92,0,1,0,0,0
369325.33,12,413644.3696,0,0,0,0,0
176065.98,18,207757.8564,0,0,0,0,0
93880.69,12,105146.3728,0,0,0,0,0
169244.27,28,216632.6656,0,0,0,0,0
345727.56,0,345727.56,0,0,0,0,0
251282.18,5,263846.289,0,0,0,0,0
283824.22,28,363295.0016,0,0,0,0,0
398625.22,28,510240.2816,0,1,0,0,0
475255.34,0,475255.34,0,0,0,0,0
380718.81,5,399754.7505,0,0,0,0,0
408852.94,12,457915.2928,0,0,0,0,0
447398.96,18,527930.7728,0,0,0,0,0
29785.03,12,33359.2336,0,0,0,0,0
57917.82,18,68343.0276,0,0,0,0,0
150048.58,18,177057.32439999998,0,0,0,0,0
414555.73,28,530631.3344,0,0,0,0,0
459500.8,12,514640.896,0,0,0,0,0
193996.97,18,228916.4246,0,0,0,0,0
398423.49,28,509982.0672000001,0,0,0,0,0
220291.5,12,246726.48,0,1,0,0,0
208594.12,0,208594.12,0,1,0,0,0
383437.09,5,402608.9445,0,0,0,0,0
169895.43,12,190282.8816,0,0,0,0,0
108868.23,12,121932.4176,0,0,0,0,0
482450.82,5,506573.361,0,1,0,0,0
50000.0,18,59000.0,1,0,0,1,1
231332.39,5,242899.00950000004,0,0,0,0,0
240252.02,12,269082.2624,0,1,0,0,0
372573.0,12,417281.76,0,1,0,0,0
50000.0,18,59000.0,1,0,0,1,1
266361.61,5,279679.6905,0,0,0,0,0
95086.87,18,112202.5066,0,0,0,0,0
498330.67,18,588030.1906,0,0,0,0,0
446233.33,18,526555.3294,0,1,0,0,0
233581.15,0,233581.15,0,1,0,0,0
128316.62,18,151413.6116,0,0,0,0,0
295820.82,18,349068.5676,0,0,0,0,0
352451.19,0,352451.19,0,0,0,0,0
363407.97,28,465162.2016,0,0,0,0,0
495946.65,12,555460.248,0,0,0,0,0
338008.53,0,338008.53,0,0,0,0,0
271762.71,0,271762.71,0,1,0,0,0
388950.1,12,435624.112,0,1,0,0,0
139325.32,12,156044.3584,0,1,0,0,0
439330.9,18,518410.46200000006,0,1,0,1,1
106232.47,5,111544.0935,0,0,0,0,0
333217.02,0,333217.02,0,0,0,0,0
180940.49,28,231603.8272,0,0,0,0,0
26022.6,0,26022.6,0,0,0,0,0
432476.15,12,484373.288,0,0,0,0,0
143597.07,0,143597.07,0,1,0,0,0
5278.95,0,5278.95,0,0,0,0,0
205932.22,5,216228.831,0,0,0,0,0
283087.07,5,297241.42350000003,0,1,0,0,0
147055.68,12,164702.3616,0,0,0,0,0
143902.61,28,184195.3408,0,0,0,0,0
152618.47,0,152618.47,0,0,0,0,0
48300.06,12,54096.0672,0,0,0,0,0
157297.57,0,157297.57,0,0,0,0,0
363142.71,28,464822.6688,0,0,0,0,0
148627.13,0,148627.13,0,1,0,0,0
59616.84,18,70347.8712,0,1,0,1,1
150448.84,18,177529.63119999997,0,0,0,0,0
393284.59,18,464075.8162,0,1,0,0,0
93695.38,28,119930.0864,0,0,0,0,0
357246.79,28,457275.8912,0,0,0,0,0
241805.6,18,285330.608,0,0,0,0,0
230602.71,18,272111.1978,0,0,0,0,0
9065.58,12,10153.4496,0,0,0,0,0
356709.57,0,356709.57,0,0,0,0,1
420725.83,12,471212.9296,0,0,0,0,0
332668.35,12,372588.552,0,0,0,0,0
189747.64,0,189747.64,0,0,0,0,0
80923.63,28,103582.2464,0,0,0,0,0
469514.98,5,492990.72899999993,0,1,0,0,0
182422.62,5,191543.751,0,0,0,0,0
125832.25,0,125832.25,0,0,0,0,0
254514.77,18,300327.4286,0,1,0,0,0
40392.8,12,45239.936,0,1,0,0,0
148110.42,18,174770.2956,0,1,0,0,0
12472.34,28,15964.5952,0,0,0,0,0
448786.5,12,502640.88,0,0,0,0,0
251660.78,28,322125.7984,0,0,0,0,0
372010.37,0,372010.37,0,0,0,0,0
441413.32,5,463483.986,0,1,0,0,0
338739.06,12,379387.7472,0,0,0,0,0
84652.94,12,89732.1164,0,0,1,0,1
432932.59,18,510860.4562,0,0,0,0,1
108435.06,12,121447.2672,0,0,0,0,0
151113.81,28,193425.6768,0,1,0,0,0
141357.17,12,158320.03040000002,0,1,0,0,0
458208.06,0,458208.06,0,0,0,0,0
276684.16,5,290518.368,0,0,0,0,0
361092.15,5,379146.75750000007,0,0,0,0,0
265134.65,28,339372.3520000001,0,0,0,0,0
143064.85,5,150218.0925,0,1,0,0,0
492360.53,18,580985.4254000001,0,0,0,0,0
133285.65,18,157277.067,0,1,0,1,1
136610.62,12,153003.8944,0,1,0,0,0
